Leilão,CEG,Data de Início de Suprimento
02/2006,UTE.PE.BA.031303-3.02,2009-01-01 00:00:00
02/2006,UTE.PE.BA.031304-1.01,2009-01-01 00:00:00
03/2007,PCH.PH.SC.029652-0.01,2010-01-01 00:00:00
02/2010,UTE.FL.RR.030124-8.01,2010-04-09 00:00:00
01/2014,PCH.PH.AP.002586-0.01,2014-01-01 00:00:00
03/2010,UHE.PH.MT.030422-0.01,2015-01-01 00:00:00
05/2013,EOL.CV.BA.031402-1.01,2015-09-01 00:00:00
05/2013,EOL.CV.BA.031403-0.01,2015-09-01 00:00:00
05/2013,EOL.CV.BA.031404-8.01,2015-09-01 00:00:00
05/2013,EOL.CV.BA.031405-6.01,2015-09-01 00:00:00
05/2013,EOL.CV.BA.031406-4.01,2015-09-01 00:00:00
05/2013,EOL.CV.BA.031407-2.01,2015-09-01 00:00:00
05/2013,EOL.CV.BA.031408-0.01,2015-09-01 00:00:00
05/2013,EOL.CV.BA.031418-8.01,2015-09-01 00:00:00
05/2013,EOL.CV.BA.031424-2.01,2015-09-01 00:00:00
05/2013,EOL.CV.BA.031432-3.01,2015-09-01 00:00:00
05/2013,EOL.CV.BA.031447-1.01,2015-09-01 00:00:00
05/2013,EOL.CV.BA.031458-7.01,2015-09-01 00:00:00
05/2013,EOL.CV.BA.031459-5.01,2015-09-01 00:00:00
07/2011,EOL.CV.CE.030907-9.01,2016-01-01 00:00:00
07/2011,EOL.CV.CE.030921-4.01,2016-01-01 00:00:00
07/2011,EOL.CV.CE.030927-3.01,2016-01-01 00:00:00
07/2011,EOL.CV.CE.030929-0.01,2016-01-01 00:00:00
07/2011,EOL.CV.CE.030930-3.01,2016-01-01 00:00:00
09/2013,EOL.CV.RS.031535-4.01,2016-01-01 00:00:00
09/2013,EOL.CV.RS.031536-2.01,2016-01-01 00:00:00
09/2013,EOL.CV.RS.031562-1.01,2016-01-01 00:00:00
98/2010,UTN.UR.RJ.030150-7.01,2016-01-01 00:00:00
02/2016,UTE.PE.AM.035809-6.01,2017-01-01 00:00:00
02/2016,UTE.PE.AM.035810-0.01,2017-01-01 00:00:00
02/2016,UTE.PE.AM.035811-8.01,2017-01-01 00:00:00
02/2016,UTE.PE.AM.035812-6.01,2017-01-01 00:00:00
02/2016,UTE.PE.AM.035813-4.01,2017-01-01 00:00:00
02/2016,UTE.PE.AM.035814-2.01,2017-01-01 00:00:00
02/2016,UTE.PE.AM.035815-0.01,2017-01-01 00:00:00
02/2016,UTE.PE.AM.035816-9.01,2017-01-01 00:00:00
02/2016,UTE.PE.AM.035818-5.01,2017-01-01 00:00:00
02/2016,UTE.PE.AM.035819-3.01,2017-01-01 00:00:00
02/2016,UTE.PE.AM.035822-3.01,2017-01-01 00:00:00
02/2016,UTE.PE.AM.035823-1.01,2017-01-01 00:00:00
02/2016,UTE.PE.AM.035824-0.01,2017-01-01 00:00:00
02/2016,UTE.PE.AM.035825-8.01,2017-01-01 00:00:00
02/2016,UTE.PE.AM.035826-6.01,2017-01-01 00:00:00
02/2016,UTE.PE.AM.035827-4.01,2017-01-01 00:00:00
02/2016,UTE.PE.AM.035828-2.01,2017-01-01 00:00:00
02/2016,UTE.PE.AM.035829-0.01,2017-01-01 00:00:00
02/2016,UTE.PE.AM.035830-4.01,2017-01-01 00:00:00
02/2016,UTE.PE.AM.035831-2.01,2017-01-01 00:00:00
02/2016,UTE.PE.AM.035832-0.01,2017-01-01 00:00:00
02/2016,UTE.PE.AM.035833-9.01,2017-01-01 00:00:00
02/2016,UTE.PE.AM.035834-7.01,2017-01-01 00:00:00
02/2016,UTE.PE.AM.035835-5.01,2017-01-01 00:00:00
02/2016,UTE.PE.AM.035836-3.01,2017-01-01 00:00:00
02/2016,UTE.PE.AM.035837-1.01,2017-01-01 00:00:00
02/2016,UTE.PE.AM.035838-0.01,2017-01-01 00:00:00
02/2016,UTE.PE.AM.035839-8.01,2017-01-01 00:00:00
02/2016,UTE.PE.AM.035840-1.01,2017-01-01 00:00:00
02/2016,UTE.PE.AM.037684-1.01,2017-01-01 00:00:00
02/2016,UTE.PE.AM.037685-0.01,2017-01-01 00:00:00
02/2016,UTE.PE.AM.037686-8.01,2017-01-01 00:00:00
02/2016,UTE.PE.AM.037687-6.01,2017-01-01 00:00:00
02/2016,UTE.PE.AM.037688-4.01,2017-01-01 00:00:00
02/2016,UTE.PE.AM.037689-2.01,2017-01-01 00:00:00
02/2016,UTE.PE.AM.037690-6.01,2017-01-01 00:00:00
02/2016,UTE.PE.AM.037691-4.01,2017-01-01 00:00:00
02/2016,UTE.PE.AM.037692-2.01,2017-01-01 00:00:00
02/2016,UTE.PE.AM.037693-0.01,2017-01-01 00:00:00
02/2016,UTE.PE.AM.037694-9.01,2017-01-01 00:00:00
02/2016,UTE.PE.AM.037695-7.01,2017-01-01 00:00:00
02/2016,UTE.PE.AM.037696-5.01,2017-01-01 00:00:00
02/2016,UTE.PE.AM.037697-3.01,2017-01-01 00:00:00
02/2016,UTE.PE.AM.037698-1.01,2017-01-01 00:00:00
02/2016,UTE.PE.AM.037699-0.01,2017-01-01 00:00:00
02/2016,UTE.PE.AM.037700-7.01,2017-01-01 00:00:00
02/2016,UTE.PE.AM.037701-5.01,2017-01-01 00:00:00
02/2016,UTE.PE.AM.037702-3.01,2017-01-01 00:00:00
02/2016,UTE.PE.AM.037703-1.01,2017-01-01 00:00:00
02/2016,UTE.PE.AM.037705-8.01,2017-01-01 00:00:00
02/2016,UTE.PE.AM.037706-6.01,2017-01-01 00:00:00
02/2016,UTE.PE.AM.037707-4.01,2017-01-01 00:00:00
02/2016,UTE.PE.AM.037708-2.01,2017-01-01 00:00:00
02/2016,UTE.PE.AM.037709-0.01,2017-01-01 00:00:00
02/2016,UTE.PE.AM.037710-4.01,2017-01-01 00:00:00
02/2016,UTE.PE.AM.037711-2.01,2017-01-01 00:00:00
02/2016,UTE.PE.AM.037712-0.01,2017-01-01 00:00:00
02/2016,UTE.PE.AM.037713-9.01,2017-01-01 00:00:00
02/2016,UTE.PE.AM.037715-5.01,2017-01-01 00:00:00
02/2016,UTE.PE.AM.037716-3.01,2017-01-01 00:00:00
02/2016,UTE.PE.AM.037717-1.01,2017-01-01 00:00:00
02/2016,UTE.PE.AM.037718-0.01,2017-01-01 00:00:00
02/2016,UTE.PE.AM.037719-8.01,2017-01-01 00:00:00
02/2016,UTE.PE.AM.037720-1.01,2017-01-01 00:00:00
02/2016,UTE.PE.AM.037721-0.01,2017-01-01 00:00:00
02/2016,UTE.PE.AM.037723-6.01,2017-01-01 00:00:00
02/2016,UTE.PE.AM.037724-4.01,2017-01-01 00:00:00
02/2016,UTE.PE.AM.037726-0.01,2017-01-01 00:00:00
02/2016,UTE.PE.AM.037727-9.01,2017-01-01 00:00:00
02/2016,UTE.PE.AM.037728-7.01,2017-01-01 00:00:00
02/2016,UTE.PE.AM.037730-9.01,2017-01-01 00:00:00
02/2016,UTE.PE.AM.037731-7.01,2017-01-01 00:00:00
02/2016,UTE.PE.AM.037732-5.01,2017-01-01 00:00:00
02/2016,UTE.PE.AM.037733-3.01,2017-01-01 00:00:00
02/2016,UTE.PE.AM.037734-1.01,2017-01-01 00:00:00
02/2016,UTE.PE.AM.037735-0.01,2017-01-01 00:00:00
02/2016,UTE.PE.AM.037736-8.01,2017-01-01 00:00:00
02/2016,UTE.PE.AM.037737-6.01,2017-01-01 00:00:00
02/2016,UTE.PE.PA.035706-5.01,2017-01-01 00:00:00
02/2016,UTE.PE.PA.035708-1.01,2017-01-01 00:00:00
02/2016,UTE.PE.PA.035714-6.01,2017-01-01 00:00:00
02/2016,UTE.PE.PA.035715-4.01,2017-01-01 00:00:00
02/2016,UTE.PE.PA.035717-0.01,2017-01-01 00:00:00
02/2016,UTE.PE.PA.035719-7.01,2017-01-01 00:00:00
02/2016,UTE.PE.PA.035720-0.01,2017-01-01 00:00:00
02/2016,UTE.PE.PA.035721-9.01,2017-01-01 00:00:00
02/2016,UTE.PE.PA.035722-7.01,2017-01-01 00:00:00
02/2016,UTE.PE.PA.035726-0.01,2017-01-01 00:00:00
02/2016,UTE.PE.PA.035728-6.01,2017-01-01 00:00:00
08/2014,EOL.CV.BA.032362-4.01,2017-10-01 00:00:00
08/2014,EOL.CV.BA.032363-2.01,2017-10-01 00:00:00
08/2014,EOL.CV.BA.032364-0.01,2017-10-01 00:00:00
10/2013,EOL.CV.RN.031652-0.01,2018-05-01 00:00:00
10/2013,PCH.PH.RS.030636-3.01,2018-05-01 00:00:00
10/2013,PCH.PH.RS.030637-1.01,2018-05-01 00:00:00
10/2013,PCH.PH.RS.030950-8.01,2018-05-01 00:00:00
09/2015,UFV.RS.PB.032544-9.01,2018-11-01 00:00:00
09/2015,UFV.RS.SP.034107-0.02,2018-11-01 00:00:00
06/2014,UTE.GN.RJ.032955-0.02,2019-01-01 00:00:00
03/2015,PCH.PH.PR.029068-8.01,2020-01-01 00:00:00
03/2015,UHE.PH.RJ.027969-2.01,2020-01-01 00:00:00
03/2015,UTE.FL.MG.033467-7.02,2020-01-01 00:00:00
03/2015,UTE.GN.SE.032228-8.01,2020-01-01 00:00:00
03/2016,CGH.PH.PR.035731-6.01,2020-03-01 00:00:00
03/2016,CGH.PH.SC.035743-0.01,2020-03-01 00:00:00
03/2016,PCH.PH.CE.035074-5.01,2020-03-01 00:00:00
03/2016,PCH.PH.GO.035113-0.01,2020-03-01 00:00:00
03/2016,PCH.PH.MT.033415-4.01,2020-03-01 00:00:00
03/2016,PCH.PH.MT.033916-4.01,2020-03-01 00:00:00
03/2016,PCH.PH.MT.034966-6.01,2020-03-01 00:00:00
03/2016,PCH.PH.RJ.030600-2.01,2020-03-01 00:00:00
03/2016,PCH.PH.RN.035096-6.01,2020-03-01 00:00:00
03/2016,PCH.PH.RS.031956-2.01,2020-03-01 00:00:00
03/2016,PCH.PH.SC.029120-0.02,2020-03-01 00:00:00
03/2016,PCH.PH.SC.033228-3.01,2020-03-01 00:00:00
03/2016,PCH.PH.SC.035120-2.01,2020-03-01 00:00:00
03/2016,PCH.PH.SP.031107-3.01,2020-03-01 00:00:00
03/2016,PCH.PH.TO.034495-8.01,2020-03-01 00:00:00
01/2016,PCH.PH.MT.034705-1.01,2021-01-01 00:00:00
01/2016,PCH.PH.PR.035146-6.01,2021-01-01 00:00:00
01/2016,PCH.PH.PR.035147-4.01,2021-01-01 00:00:00
01/2016,PCH.PH.SC.000659-9.01,2021-01-01 00:00:00
01/2016,UHE.PH.PR.035290-0.01,2021-01-01 00:00:00
01/2016,UTE.AI.SP.035073-7.01,2021-01-01 00:00:00
01/2016,UTE.AI.SP.035109-1.01,2021-01-01 00:00:00
01/2016,UTE.FL.MS.035085-0.01,2021-01-01 00:00:00
01/2016,UTE.GN.MA.035107-5.01,2021-01-01 00:00:00
04/2017,CGH.PH.ES.038158-6.01,2021-01-01 00:00:00
04/2017,EOL.CV.RN.036981-0.01,2021-01-01 00:00:00
04/2017,EOL.CV.RN.036985-3.01,2021-01-01 00:00:00
04/2017,UFV.RS.BA.033473-1.01,2021-01-01 00:00:00
04/2017,UFV.RS.PE.033606-8.01,2021-01-01 00:00:00
04/2017,UFV.RS.PE.034105-3.01,2021-01-01 00:00:00
04/2017,UFV.RS.PE.034160-6.01,2021-01-01 00:00:00
04/2017,UFV.RS.PE.034169-0.01,2021-01-01 00:00:00
04/2017,UFV.RS.PE.034234-3.01,2021-01-01 00:00:00
04/2017,UFV.RS.PI.033841-9.01,2021-01-01 00:00:00
04/2017,UFV.RS.PI.033842-7.01,2021-01-01 00:00:00
04/2017,UFV.RS.PI.033843-5.01,2021-01-01 00:00:00
04/2017,UFV.RS.PI.033844-3.01,2021-01-01 00:00:00
04/2017,UFV.RS.PI.033845-1.01,2021-01-01 00:00:00
04/2017,UFV.RS.PI.037577-2.01,2021-01-01 00:00:00
04/2017,UFV.RS.PI.037588-8.01,2021-01-01 00:00:00
04/2017,UFV.RS.PI.037589-6.01,2021-01-01 00:00:00
01/2019,UTE.AI.RR.044586-0.01,2021-06-28 00:00:00
01/2019,UTE.BL.RR.044588-6.01,2021-06-28 00:00:00
01/2019,UTE.BL.RR.044589-4.01,2021-06-28 00:00:00
01/2019,UTE.FL.RR.044603-3.01,2021-06-28 00:00:00
01/2019,UTE.FL.RR.044604-1.01,2021-06-28 00:00:00
01/2019,UTE.FL.RR.044605-0.01,2021-06-28 00:00:00
01/2019,UTE.FL.RR.044606-8.01,2021-06-28 00:00:00
01/2019,UTE.GN.RR.044619-0.01,2021-06-28 00:00:00
01/2019,UTE.PE.RR.044653-0.01,2021-06-28 00:00:00
01/2018,CGH.PH.MG.038150-0.01,2022-01-01 00:00:00
01/2018,EOL.CV.BA.032641-0.01,2022-01-01 00:00:00
01/2018,EOL.CV.BA.033508-8.01,2022-01-01 00:00:00
01/2018,EOL.CV.BA.033532-0.01,2022-01-01 00:00:00
01/2018,EOL.CV.BA.033533-9.01,2022-01-01 00:00:00
01/2018,PCH.PH.RS.031035-2.01,2022-01-01 00:00:00
01/2018,PCH.PH.RS.031049-2.01,2022-01-01 00:00:00
01/2018,UFV.RS.CE.033474-0.02,2022-01-01 00:00:00
01/2018,UFV.RS.CE.035699-9.01,2022-01-01 00:00:00
01/2018,UFV.RS.CE.035859-2.01,2022-01-01 00:00:00
01/2018,UFV.RS.CE.035860-6.01,2022-01-01 00:00:00
01/2018,UFV.RS.CE.035861-4.01,2022-01-01 00:00:00
01/2018,UFV.RS.CE.035862-2.01,2022-01-01 00:00:00
01/2018,UFV.RS.CE.035863-0.01,2022-01-01 00:00:00
01/2018,UFV.RS.CE.035864-9.01,2022-01-01 00:00:00
01/2018,UFV.RS.CE.035883-5.01,2022-01-01 00:00:00
01/2018,UFV.RS.CE.035884-3.01,2022-01-01 00:00:00
01/2018,UFV.RS.CE.037865-8.01,2022-01-01 00:00:00
01/2018,UFV.RS.CE.037866-6.01,2022-01-01 00:00:00
01/2018,UFV.RS.CE.037867-4.01,2022-01-01 00:00:00
01/2018,UFV.RS.CE.037868-2.01,2022-01-01 00:00:00
01/2018,UFV.RS.CE.037869-0.01,2022-01-01 00:00:00
01/2018,UFV.RS.MG.033236-4.01,2022-01-01 00:00:00
01/2018,UFV.RS.MG.033237-2.01,2022-01-01 00:00:00
01/2018,UFV.RS.MG.033238-0.01,2022-01-01 00:00:00
01/2018,UFV.RS.MG.034392-7.01,2022-01-01 00:00:00
01/2018,UFV.RS.MG.034394-3.01,2022-01-01 00:00:00
01/2018,UFV.RS.MG.035805-3.01,2022-01-01 00:00:00
01/2018,UFV.RS.PE.031870-1.01,2022-01-01 00:00:00
01/2018,UFV.RS.PI.034785-0.01,2022-01-01 00:00:00
01/2018,UFV.RS.PI.034786-8.01,2022-01-01 00:00:00
01/2018,UFV.RS.PI.034787-6.01,2022-01-01 00:00:00
01/2018,UFV.RS.PI.034788-4.01,2022-01-01 00:00:00
01/2018,UFV.RS.PI.034789-2.01,2022-01-01 00:00:00
01/2018,UFV.RS.PI.034790-6.01,2022-01-01 00:00:00
01/2018,UTE.AI.MG.038336-8.01,2022-01-01 00:00:00
03/2019,EOL.CV.PI.044367-0.01,2023-01-01 00:00:00
03/2019,EOL.CV.PI.044555-0.01,2023-01-01 00:00:00
03/2019,EOL.CV.RN.036984-5.01,2023-01-01 00:00:00
03/2019,PCH.PH.MG.002092-3.01,2023-01-01 00:00:00
03/2019,PCH.PH.MT.034560-1.01,2023-01-01 00:00:00
03/2019,PCH.PH.SC.000742-0.01,2023-01-01 00:00:00
03/2019,PCH.PH.SC.035496-1.01,2023-01-01 00:00:00
03/2019,UFV.RS.CE.044573-8.01,2023-01-01 00:00:00
03/2019,UFV.RS.CE.044574-6.01,2023-01-01 00:00:00
03/2019,UFV.RS.CE.044575-4.01,2023-01-01 00:00:00
03/2019,UFV.RS.CE.044576-2.01,2023-01-01 00:00:00
03/2019,UFV.RS.CE.044579-7.01,2023-01-01 00:00:00
03/2019,UFV.RS.MG.043162-1.01,2023-01-01 00:00:00
03/2019,UTE.AI.MS.027385-6.01,2023-01-01 00:00:00
05/2017,EOL.CV.BA.034507-5.01,2023-01-01 00:00:00
05/2017,EOL.CV.BA.034509-1.01,2023-01-01 00:00:00
05/2017,EOL.CV.PB.034639-0.01,2023-01-01 00:00:00
05/2017,EOL.CV.PB.034640-3.01,2023-01-01 00:00:00
05/2017,EOL.CV.PB.034642-0.01,2023-01-01 00:00:00
05/2017,EOL.CV.PB.035181-4.01,2023-01-01 00:00:00
05/2017,EOL.CV.PB.035184-9.01,2023-01-01 00:00:00
05/2017,EOL.CV.PB.037953-0.01,2023-01-01 00:00:00
05/2017,EOL.CV.PB.037958-1.01,2023-01-01 00:00:00
05/2017,EOL.CV.PB.038029-6.01,2023-01-01 00:00:00
05/2017,EOL.CV.PB.038030-0.01,2023-01-01 00:00:00
05/2017,EOL.CV.PE.031807-8.01,2023-01-01 00:00:00
05/2017,EOL.CV.PE.031808-6.01,2023-01-01 00:00:00
05/2017,EOL.CV.PE.031809-4.01,2023-01-01 00:00:00
05/2017,EOL.CV.PI.033005-1.01,2023-01-01 00:00:00
05/2017,EOL.CV.PI.033006-0.01,2023-01-01 00:00:00
05/2017,EOL.CV.PI.033007-8.01,2023-01-01 00:00:00
05/2017,EOL.CV.PI.033008-6.01,2023-01-01 00:00:00
05/2017,EOL.CV.PI.033009-4.01,2023-01-01 00:00:00
05/2017,EOL.CV.PI.033010-8.01,2023-01-01 00:00:00
05/2017,EOL.CV.PI.033011-6.01,2023-01-01 00:00:00
05/2017,EOL.CV.PI.033012-4.01,2023-01-01 00:00:00
05/2017,EOL.CV.PI.033013-2.01,2023-01-01 00:00:00
05/2017,EOL.CV.PI.033014-0.01,2023-01-01 00:00:00
05/2017,EOL.CV.PI.033015-9.01,2023-01-01 00:00:00
05/2017,EOL.CV.PI.033018-3.01,2023-01-01 00:00:00
05/2017,EOL.CV.PI.033019-1.01,2023-01-01 00:00:00
05/2017,EOL.CV.PI.033021-3.01,2023-01-01 00:00:00
05/2017,EOL.CV.PI.033023-0.01,2023-01-01 00:00:00
05/2017,EOL.CV.PI.033024-8.01,2023-01-01 00:00:00
05/2017,EOL.CV.PI.033025-6.01,2023-01-01 00:00:00
05/2017,EOL.CV.RN.033002-7.01,2023-01-01 00:00:00
05/2017,EOL.CV.RN.033026-4.01,2023-01-01 00:00:00
05/2017,EOL.CV.RN.033753-6.01,2023-01-01 00:00:00
05/2017,EOL.CV.RN.035210-1.01,2023-01-01 00:00:00
05/2017,EOL.CV.RN.035211-0.01,2023-01-01 00:00:00
05/2017,EOL.CV.RN.035212-8.01,2023-01-01 00:00:00
05/2017,EOL.CV.RN.036974-8.01,2023-01-01 00:00:00
05/2017,EOL.CV.RN.036976-4.01,2023-01-01 00:00:00
05/2017,EOL.CV.RN.037663-9.01,2023-01-01 00:00:00
05/2017,EOL.CV.RN.037664-7.01,2023-01-01 00:00:00
05/2017,EOL.CV.RN.037949-2.01,2023-01-01 00:00:00
05/2017,EOL.CV.RN.037950-6.01,2023-01-01 00:00:00
05/2017,PCH.PH.MT.037328-1.01,2023-01-01 00:00:00
05/2017,PCH.PH.PR.028998-1.01,2023-01-01 00:00:00
05/2017,PCH.PH.RS.034057-0.01,2023-01-01 00:00:00
05/2017,PCH.PH.SC.035764-2.01,2023-01-01 00:00:00
05/2017,UTE.AI.MG.038172-1.01,2023-01-01 00:00:00
05/2017,UTE.AI.MG.038176-4.01,2023-01-01 00:00:00
05/2017,UTE.AI.SP.037515-2.01,2023-01-01 00:00:00
05/2017,UTE.FL.RS.033883-4.01,2023-01-01 00:00:00
05/2017,UTE.GN.RJ.032211-3.01,2023-01-01 00:00:00
05/2017,UTE.GN.RJ.038173-0.01,2023-01-01 00:00:00
03/2018,CGH.PH.GO.038152-7.01,2024-01-01 00:00:00
03/2018,EOL.CV.BA.032535-0.01,2024-01-01 00:00:00
03/2018,EOL.CV.BA.032536-8.01,2024-01-01 00:00:00
03/2018,EOL.CV.BA.032644-5.01,2024-01-01 00:00:00
03/2018,EOL.CV.BA.033521-5.01,2024-01-01 00:00:00
03/2018,EOL.CV.BA.033523-1.01,2024-01-01 00:00:00
03/2018,EOL.CV.BA.033529-0.01,2024-01-01 00:00:00
03/2018,EOL.CV.BA.033530-4.01,2024-01-01 00:00:00
03/2018,EOL.CV.BA.033532-0.01,2024-01-01 00:00:00
03/2018,EOL.CV.BA.034513-0.01,2024-01-01 00:00:00
03/2018,EOL.CV.BA.034889-9.01,2024-01-01 00:00:00
03/2018,EOL.CV.BA.035234-9.01,2024-01-01 00:00:00
03/2018,EOL.CV.BA.037083-5.01,2024-01-01 00:00:00
03/2018,EOL.CV.BA.037102-5.01,2024-01-01 00:00:00
03/2018,EOL.CV.BA.037103-3.01,2024-01-01 00:00:00
03/2018,EOL.CV.BA.037104-1.01,2024-01-01 00:00:00
03/2018,EOL.CV.BA.040609-0.01,2024-01-01 00:00:00
03/2018,EOL.CV.BA.040611-2.01,2024-01-01 00:00:00
03/2018,EOL.CV.BA.040612-0.01,2024-01-01 00:00:00
03/2018,EOL.CV.RN.032518-0.01,2024-01-01 00:00:00
03/2018,EOL.CV.RN.032519-8.01,2024-01-01 00:00:00
03/2018,EOL.CV.RN.033881-8.01,2024-01-01 00:00:00
03/2018,EOL.CV.RN.036980-2.01,2024-01-01 00:00:00
03/2018,EOL.CV.RN.037075-4.01,2024-01-01 00:00:00
03/2018,EOL.CV.RN.037294-3.01,2024-01-01 00:00:00
03/2018,EOL.CV.RN.037295-1.01,2024-01-01 00:00:00
03/2018,EOL.CV.RN.037296-0.01,2024-01-01 00:00:00
03/2018,EOL.CV.RN.037297-8.01,2024-01-01 00:00:00
03/2018,EOL.CV.RN.037298-6.01,2024-01-01 00:00:00
03/2018,EOL.CV.RN.037299-4.01,2024-01-01 00:00:00
03/2018,EOL.CV.RN.037959-0.01,2024-01-01 00:00:00
03/2018,EOL.CV.RN.037999-9.01,2024-01-01 00:00:00
03/2018,EOL.CV.RN.038002-4.01,2024-01-01 00:00:00
03/2018,EOL.CV.RN.038006-7.01,2024-01-01 00:00:00
03/2018,EOL.CV.RN.038035-0.01,2024-01-01 00:00:00
03/2018,EOL.CV.RN.038310-4.01,2024-01-01 00:00:00
03/2018,EOL.CV.RN.038318-0.01,2024-01-01 00:00:00
03/2018,EOL.CV.RN.038319-8.01,2024-01-01 00:00:00
03/2018,EOL.CV.RN.038320-1.01,2024-01-01 00:00:00
03/2018,EOL.CV.RN.038321-0.01,2024-01-01 00:00:00
03/2018,EOL.CV.RN.038322-8.01,2024-01-01 00:00:00
03/2018,EOL.CV.RN.038323-6.01,2024-01-01 00:00:00
03/2018,EOL.CV.RN.038325-2.01,2024-01-01 00:00:00
03/2018,EOL.CV.RN.038326-0.01,2024-01-01 00:00:00
03/2018,EOL.CV.RN.038327-9.01,2024-01-01 00:00:00
03/2018,EOL.CV.RN.040584-1.01,2024-01-01 00:00:00
03/2018,EOL.CV.RN.040625-2.01,2024-01-01 00:00:00
03/2018,PCH.PH.MT.035646-8.01,2024-01-01 00:00:00
03/2018,PCH.PH.PR.000273-9.01,2024-01-01 00:00:00
03/2018,PCH.PH.PR.028419-0.01,2024-01-01 00:00:00
03/2018,PCH.PH.PR.029576-0.01,2024-01-01 00:00:00
03/2018,PCH.PH.RS.037300-1.01,2024-01-01 00:00:00
03/2018,PCH.PH.SC.037820-8.01,2024-01-01 00:00:00
03/2018,UTE.AI.SP.028063-1.01,2024-01-01 00:00:00
03/2018,UTE.AI.SP.035093-1.01,2024-01-01 00:00:00
03/2018,UTE.GN.MA.040562-0.01,2024-01-01 00:00:00
04/2019,CGH.PH.MG.001928-3.02,2025-01-01 00:00:00
04/2019,CGH.PH.MG.040663-5.01,2025-01-01 00:00:00
04/2019,CGH.PH.MG.044305-0.01,2025-01-01 00:00:00
04/2019,CGH.PH.SC.037419-9.01,2025-01-01 00:00:00
04/2019,EOL.CV.BA.032642-9.01,2025-01-01 00:00:00
04/2019,EOL.CV.BA.032804-9.01,2025-01-01 00:00:00
04/2019,EOL.CV.BA.032805-7.01,2025-01-01 00:00:00
04/2019,EOL.CV.BA.033547-9.01,2025-01-01 00:00:00
04/2019,EOL.CV.BA.033548-7.01,2025-01-01 00:00:00
04/2019,EOL.CV.BA.033549-5.01,2025-01-01 00:00:00
04/2019,EOL.CV.BA.034692-6.01,2025-01-01 00:00:00
04/2019,EOL.CV.BA.035172-5.01,2025-01-01 00:00:00
04/2019,EOL.CV.BA.037004-5.01,2025-01-01 00:00:00
04/2019,EOL.CV.BA.037101-7.01,2025-01-01 00:00:00
04/2019,EOL.CV.BA.038077-6.01,2025-01-01 00:00:00
04/2019,EOL.CV.BA.038078-4.01,2025-01-01 00:00:00
04/2019,EOL.CV.BA.038079-2.01,2025-01-01 00:00:00
04/2019,EOL.CV.BA.038081-4.01,2025-01-01 00:00:00
04/2019,EOL.CV.BA.038082-2.01,2025-01-01 00:00:00
04/2019,EOL.CV.BA.038083-0.01,2025-01-01 00:00:00
04/2019,EOL.CV.BA.038084-9.01,2025-01-01 00:00:00
04/2019,EOL.CV.BA.038085-7.01,2025-01-01 00:00:00
04/2019,EOL.CV.BA.038088-1.01,2025-01-01 00:00:00
04/2019,EOL.CV.BA.038089-0.01,2025-01-01 00:00:00
04/2019,EOL.CV.BA.044878-8.01,2025-01-01 00:00:00
04/2019,EOL.CV.BA.044959-8.01,2025-01-01 00:00:00
04/2019,EOL.CV.BA.044960-1.01,2025-01-01 00:00:00
04/2019,EOL.CV.BA.044961-0.01,2025-01-01 00:00:00
04/2019,EOL.CV.BA.044962-8.01,2025-01-01 00:00:00
04/2019,EOL.CV.PB.035225-0.01,2025-01-01 00:00:00
04/2019,EOL.CV.PB.035226-8.01,2025-01-01 00:00:00
04/2019,EOL.CV.PB.035227-6.01,2025-01-01 00:00:00
04/2019,EOL.CV.PB.038304-0.01,2025-01-01 00:00:00
04/2019,EOL.CV.PB.038305-8.01,2025-01-01 00:00:00
04/2019,EOL.CV.PB.040613-9.01,2025-01-01 00:00:00
04/2019,EOL.CV.PI.032863-4.01,2025-01-01 00:00:00
04/2019,EOL.CV.PI.040567-1.01,2025-01-01 00:00:00
04/2019,EOL.CV.RN.032593-7.01,2025-01-01 00:00:00
04/2019,EOL.CV.RN.032870-7.01,2025-01-01 00:00:00
04/2019,EOL.CV.RN.033681-5.01,2025-01-01 00:00:00
04/2019,EOL.CV.RN.033690-4.01,2025-01-01 00:00:00
04/2019,EOL.CV.RN.033691-2.01,2025-01-01 00:00:00
04/2019,EOL.CV.RN.034937-2.01,2025-01-01 00:00:00
04/2019,EOL.CV.RN.035008-7.01,2025-01-01 00:00:00
04/2019,EOL.CV.RN.035270-5.01,2025-01-01 00:00:00
04/2019,EOL.CV.RN.035271-3.01,2025-01-01 00:00:00
04/2019,EOL.CV.RN.045010-3.01,2025-01-01 00:00:00
04/2019,EOL.CV.RN.045011-1.01,2025-01-01 00:00:00
04/2019,EOL.CV.RN.045012-0.01,2025-01-01 00:00:00
04/2019,PCH.PH.BA.035105-9.01,2025-01-01 00:00:00
04/2019,PCH.PH.ES.035297-7.01,2025-01-01 00:00:00
04/2019,PCH.PH.ES.037381-8.01,2025-01-01 00:00:00
04/2019,PCH.PH.GO.031768-3.01,2025-01-01 00:00:00
04/2019,PCH.PH.GO.035110-5.01,2025-01-01 00:00:00
04/2019,PCH.PH.GO.035111-3.01,2025-01-01 00:00:00
04/2019,PCH.PH.GO.035112-1.01,2025-01-01 00:00:00
04/2019,PCH.PH.MG.035309-4.01,2025-01-01 00:00:00
04/2019,PCH.PH.MT.028818-7.01,2025-01-01 00:00:00
04/2019,PCH.PH.PR.035006-0.01,2025-01-01 00:00:00
04/2019,PCH.PH.PR.035340-0.01,2025-01-01 00:00:00
04/2019,PCH.PH.PR.036938-1.01,2025-01-01 00:00:00
04/2019,PCH.PH.SC.032571-6.01,2025-01-01 00:00:00
04/2019,PCH.PH.SC.032879-0.01,2025-01-01 00:00:00
04/2019,PCH.PH.SC.033762-5.01,2025-01-01 00:00:00
04/2019,PCH.PH.SC.034669-1.01,2025-01-01 00:00:00
04/2019,PCH.PH.SC.035155-5.01,2025-01-01 00:00:00
04/2019,PCH.PH.SC.035530-5.01,2025-01-01 00:00:00
04/2019,PCH.PH.SC.037173-4.01,2025-01-01 00:00:00
04/2019,UFV.RS.CE.040708-9.01,2025-01-01 00:00:00
04/2019,UFV.RS.CE.040709-7.01,2025-01-01 00:00:00
04/2019,UFV.RS.CE.040710-0.01,2025-01-01 00:00:00
04/2019,UFV.RS.CE.040711-9.01,2025-01-01 00:00:00
04/2019,UFV.RS.PE.045057-0.01,2025-01-01 00:00:00
04/2019,UFV.RS.PI.036925-0.01,2025-01-01 00:00:00
04/2019,UFV.RS.PI.036926-8.01,2025-01-01 00:00:00
04/2019,UFV.RS.PI.037745-7.01,2025-01-01 00:00:00
04/2019,UFV.RS.PI.037746-5.01,2025-01-01 00:00:00
04/2019,UFV.RS.RN.037811-9.01,2025-01-01 00:00:00
04/2019,UFV.RS.RN.037812-7.01,2025-01-01 00:00:00
04/2019,UHE.PH.SC.030938-9.01,2025-01-01 00:00:00
04/2019,UTE.AI.MG.040785-2.01,2025-01-01 00:00:00
04/2019,UTE.AI.SP.027917-0.01,2025-01-01 00:00:00
04/2019,UTE.AI.SP.027947-1.01,2025-01-01 00:00:00
04/2019,UTE.AI.SP.030264-3.01,2025-01-01 00:00:00
04/2019,UTE.AI.SP.032371-3.01,2025-01-01 00:00:00
04/2019,UTE.AI.SP.040824-7.01,2025-01-01 00:00:00
04/2019,UTE.GN.BA.037897-6.02,2025-01-01 00:00:00
04/2019,UTE.GN.MA.030196-5.01,2025-01-01 00:00:00
